Account,User.Name,Followers.at.Observation,Post.Created.Date,Post.Created.Time,Type,Total.Interactions,Likes,Comments,Reposts,URL
Leo Messi,leomessi,516000000,27/02/2023,23:17:47,Album,22626965,22386730,240235,812,https://www.instagram.com/p/CpLxnFlNJZn/
Selena Gomez,selenagomez,402000000,23/02/2023,02:32:34,Photo,20881240,20636437,244803,511,https://www.instagram.com/p/Co_P7YgrrFO/
KIARA,kiaraaliaadvani,35900000,07/02/2023,16:55:59,Album,15796982,15598197,198785,184,https://www.instagram.com/p/CoXmBSLvj7A/
Cristiano Ronaldo,cristiano,679000000,09/02/2023,21:19:37,Album,15674570,15511140,163430,97,https://www.instagram.com/p/CodNx8BL1-X/
Cristiano Ronaldo,cristiano,679000000,15/02/2023,17:06:51,Photo,14122758,14051375,71383,134,https://www.instagram.com/p/CosNn0ZN-57/
Cristiano Ronaldo,cristiano,679000000,25/02/2023,18:40:27,Album,14160795,14047774,113021,80,https://www.instagram.com/p/CpGISHGLk0h/
Jin of BTS,jin,56600000,04/03/2023,06:10:40,Photo,15541444,15541443,1,3141,https://www.instagram.com/p/CpW0CpzhZyS/
V,thv,76800000,27/02/2023,03:13:49,Album,14992404,14991958,446,18265,https://www.instagram.com/p/CpJn09fPvud/
Selena Gomez,selenagomez,402000000,02/03/2023,16:55:31,Album,13333475,13257263,76212,21,https://www.instagram.com/p/CpS0P4XuDm4/
Cristiano Ronaldo,cristiano,679000000,14/02/2023,12:08:30,Photo,12339166,12267359,71807,159,https://www.instagram.com/p/CopGrzNrFLa/
Leo Messi,leomessi,516000000,18/02/2023,08:53:58,Photo,12663792,12596498,67294,3869,https://www.instagram.com/p/CozDmfZN0Ys/
badgalriri,badgalriri,145000000,16/02/2023,01:04:30,Album,11947186,11893373,53813,60,https://www.instagram.com/p/CotESMHvkjC/
Leo Messi,leomessi,516000000,19/02/2023,14:41:49,Album,11477730,11393515,84215,146,https://www.instagram.com/p/Co2QNCqtp6F/
badgalriri,badgalriri,145000000,15/02/2023,17:50:38,Photo,11491078,11401159,89919,57,https://www.instagram.com/p/CosSoekv1Im/
badgalriri,badgalriri,145000000,15/02/2023,17:00:57,Photo,11472092,11412747,59345,158,https://www.instagram.com/p/CosM8iwrEp9/
Georgina Rodríguez,georginagio,78200000,12/02/2023,12:05:00,Photo,10980205,10939963,40242,90,https://www.instagram.com/p/Coj8sa1Mb-w/
J,jennierubyjane,89400000,16/02/2023,08:06:08,Album,10491242,10378288,112954,218,https://www.instagram.com/p/Cot0iZcOxOv/
Cristiano Ronaldo,cristiano,679000000,16/02/2023,17:01:00,Photo,10012020,9973841,38179,59,https://www.instagram.com/p/Couxv09tjXg/
Selena Gomez,selenagomez,402000000,21/02/2023,13:59:09,Photo,10418774,10338550,80224,63,https://www.instagram.com/p/Co7U6P-LLZ2/
KAROL G,karolg,70400000,13/02/2023,13:48:20,Album,9615688,9551161,64527,204,https://www.instagram.com/p/ComtUDjrPAD/
Kylian Mbappé,k.mbappe,136000000,27/02/2023,22:23:36,Album,9341466,9291867,49599,79,https://www.instagram.com/p/CpLraSgMlXG/
Cristiano Ronaldo,cristiano,679000000,17/02/2023,19:11:13,Album,9207178,9149351,57827,45,https://www.instagram.com/p/CoxlcZ_LGHm/
Kendall,kendalljenner,277000000,08/02/2023,02:53:16,Album,9251155,9210722,40433,133,https://www.instagram.com/p/CoYqX0hr1jr/
Leo Messi,leomessi,516000000,26/02/2023,22:01:33,Album,9128886,9093564,35322,160,https://www.instagram.com/p/CpJEF7zNUtV/
KIARA,kiaraaliaadvani,35900000,14/02/2023,11:10:59,Album,8788739,8761429,27310,94,https://www.instagram.com/p/CopAGdIPIre/
KIARA,kiaraaliaadvani,35900000,21/02/2023,17:33:16,Album,9005714,8985410,20304,81,https://www.instagram.com/p/Co7takyvRw-/
jhope,uarmyhope,56700000,01/03/2023,15:10:31,Album,9524500,9524500,0,1703,https://www.instagram.com/p/CpQDcEXJA0G/
Noah Schnapp,noahschnapp,25400000,19/02/2023,18:10:06,Album,9271751,9253770,17981,7270,https://www.instagram.com/p/Co2oCgzOlEr/
jhope,uarmyhope,56700000,18/02/2023,14:04:28,Album,8919747,8919747,0,1234,https://www.instagram.com/p/CoznIqBpOdr/
Zendaya,zendaya,178000000,26/02/2023,03:52:11,Album,8710679,8688577,22102,284,https://www.instagram.com/p/CpHHbGWunhI/
Leo Messi,leomessi,516000000,04/03/2023,22:07:42,Album,9368462,9332401,36061,178,https://www.instagram.com/p/CpYhkJ6tYnc/
Shakira,shakira,103000000,21/02/2023,21:08:31,Photo,8580281,8400863,179418,152,https://www.instagram.com/p/Co8GDELuSpG/
KAROL G,karolg,70400000,21/02/2023,21:08:31,Photo,8580281,8400863,179418,152,https://www.instagram.com/p/Co8GDELuSpG/
JISOO🤍,sooyaaa__,80000000,24/02/2023,14:13:13,Album,8406299,8328680,77619,358,https://www.instagram.com/p/CpDE6AwLvyC/
Kylie,kyliejenner,380000000,12/02/2023,23:37:53,Album,8178103,8166903,11200,21,https://www.instagram.com/p/ColL_Jevxxg/
LISA,lalalalisa_m,105000000,08/02/2023,09:54:20,Album,8221448,8167737,53711,311,https://www.instagram.com/p/CoZaj0APhDR/
Selena Gomez,selenagomez,402000000,28/02/2023,19:13:51,Photo,8899000,8855226,43774,18,https://www.instagram.com/p/CpN6fUnrrax/
Anastasia Karanikolaou,staskaranikolaou,10000000,14/02/2023,17:44:59,Album,8140280,8123424,16856,61,https://www.instagram.com/p/CoptMRoJtUD/
Kylie,kyliejenner,380000000,14/02/2023,17:44:59,Album,8140280,8123424,16856,61,https://www.instagram.com/p/CoptMRoJtUD/
KAROL G,karolg,70400000,14/02/2023,17:49:32,Album,8376537,8275212,101325,201,https://www.instagram.com/p/CopttjOOD2z/
ROSÉ,roses_are_rosie,82900000,11/02/2023,02:57:49,Album,8068625,7957219,111406,536,https://www.instagram.com/p/CogZR2xSvmd/
Shakira,shakira,103000000,24/02/2023,18:00:10,Photo,8926976,8836100,90876,37,https://www.instagram.com/p/CpDe4KgO_pZ/
Kylie,kyliejenner,380000000,09/02/2023,01:26:50,Album,7694935,7675781,19154,68,https://www.instagram.com/p/CobFRrZJ1_Z/
Cristiano Ronaldo,cristiano,679000000,28/02/2023,15:21:26,Photo,8090354,8009052,81302,98,https://www.instagram.com/p/CpNf5DYo19N/
LISA,lalalalisa_m,105000000,13/02/2023,13:18:27,Album,7733003,7659896,73107,341,https://www.instagram.com/p/Comp5Lvr6lP/
Cristiano Ronaldo,cristiano,679000000,03/03/2023,21:06:42,Album,7928084,7891212,36872,59,https://www.instagram.com/p/CpV1yhIr1ct/
Justin Bieber,justinbieber,286000000,07/02/2023,20:44:43,Album,7676249,7641444,34805,89,https://www.instagram.com/p/CoYAMeMyM_g/
J,jennierubyjane,89400000,11/02/2023,23:16:14,Album,7513341,7478354,34987,278,https://www.instagram.com/p/CoiktzRP_69/
BILLIE EILISH,billieeilish,123000000,23/02/2023,17:35:02,Photo,7619459,7601738,17721,1508,https://www.instagram.com/p/CpA3NN_P2fw/
JISOO🤍,sooyaaa__,80000000,28/02/2023,20:27:02,Album,8007068,7949655,57413,286,https://www.instagram.com/p/CpOC3V_h4W_/
LISA,lalalalisa_m,105000000,18/02/2023,13:06:46,Album,7611984,7528707,83277,315,https://www.instagram.com/p/CozgiCAvOCU/
Kylie,kyliejenner,380000000,13/02/2023,17:38:03,Album,7301761,7289826,11935,86,https://www.instagram.com/p/ConHmi-pnwl/
Kylian Mbappé,k.mbappe,136000000,17/02/2023,13:38:10,Album,7199591,7182453,17138,92,https://www.instagram.com/p/Cow_VFNs3n_/
BILLIE EILISH,billieeilish,123000000,02/03/2023,16:06:26,Album,7245604,7227653,17951,1009,https://www.instagram.com/p/CpSuoe3pqR5/
badgalriri,badgalriri,145000000,05/03/2023,21:00:29,Album,8299257,8263254,36003,71,https://www.instagram.com/p/Cpa-qsiuJOD/
J,jennierubyjane,89400000,16/02/2023,07:57:22,Album,7282967,7232220,50747,213,https://www.instagram.com/p/CotziJbOiFm/
Will Smith,willsmith,67600000,12/02/2023,02:50:17,Album,6840949,6794456,46493,21,https://www.instagram.com/p/Coi9NfQrO-E/
LISA,lalalalisa_m,105000000,16/02/2023,11:35:40,Album,7148088,7088869,59219,238,https://www.instagram.com/p/CouMhCUrVUZ/
Zendaya,zendaya,178000000,26/02/2023,00:46:55,Album,7150381,7127380,23001,314,https://www.instagram.com/p/CpGyOPwLNEP/
Georgina Rodríguez,georginagio,78200000,07/02/2023,11:06:13,Album,6776709,6758532,18177,39,https://www.instagram.com/p/CoW9_eGMaAi/
Shakira,shakira,103000000,25/02/2023,20:16:42,Photo,7513159,7470370,42789,47,https://www.instagram.com/p/CpGTTFpvvZ_/
badgalriri,badgalriri,145000000,17/02/2023,00:15:38,Album,6903535,6880184,23351,57,https://www.instagram.com/p/CovjfJvPWEB/
Cristiano Ronaldo,cristiano,679000000,04/03/2023,13:59:50,Photo,7355779,7299709,56070,89,https://www.instagram.com/p/CpXpu5MoUe1/
Millie Bobby Brown,milliebobbybrown,70600000,19/02/2023,22:38:27,Photo,6635001,6606337,28664,119,https://www.instagram.com/p/Co3GwCCP_UI/
NJ 🇧🇷,neymarjr,241000000,15/02/2023,13:43:40,Album,6752119,6752065,54,869,https://www.instagram.com/p/Cor2XnRoNhq/
LISA,lalalalisa_m,105000000,11/02/2023,18:22:41,Album,6576145,6485566,90579,234,https://www.instagram.com/p/CoiDHsPPYdN/
Ice Cube,icecube,30000000,16/02/2023,18:42:49,Photo,6433709,6421108,12601,112,https://www.instagram.com/p/Cou9ZkFpKpG/
이지금 IU,dlwlrma,33500000,15/02/2023,05:47:48,Album,6564558,6534488,30070,148,https://www.instagram.com/p/Coq_6UXSyAH/
Sergio Ramos,sergioramos,69800000,23/02/2023,16:58:22,Album,6329480,6264568,64912,21,https://www.instagram.com/p/CpAzAt8KXdp/
J,jennierubyjane,89400000,14/02/2023,09:35:04,Album,6392948,6344477,48471,349,https://www.instagram.com/p/Coo1H7guvkQ/
harrystyles,harrystyles,45700000,07/02/2023,03:26:37,Album,6354260,6274926,79334,221,https://www.instagram.com/p/CoWJZRTobJH/
Selena Gomez,selenagomez,402000000,26/02/2023,18:03:48,Album,6533786,6508681,25105,8,https://www.instagram.com/p/CpIo4fxO2MR/
Cristiano Ronaldo,cristiano,679000000,15/02/2023,07:02:43,Photo,6184560,6154950,29610,52,https://www.instagram.com/p/CorIfCPAxnj/
Millie Bobby Brown,milliebobbybrown,70600000,25/02/2023,02:21:16,Album,6152331,6139264,13067,124,https://www.instagram.com/p/CpEYOaYuMJw/
Cara Delevingne,caradelevingne,38100000,13/02/2023,00:48:25,Album,6056750,6041251,15499,12,https://www.instagram.com/p/ColUDwJLFFT/
jhope,uarmyhope,56700000,10/02/2023,06:54:18,Album,6307965,6307961,4,982,https://www.instagram.com/p/CoePi7mJ1rk/
SUGA of BTS 민윤기,agustd,55100000,14/02/2023,15:30:47,Photo,6751598,6751597,1,23257,https://www.instagram.com/p/Copd1XvJT78/
Selena Gomez,selenagomez,402000000,22/02/2023,16:15:21,Album,6286899,6272822,14077,20,https://www.instagram.com/p/Co-JSr2rHoG/
Kylian Mbappé,k.mbappe,136000000,08/02/2023,09:27:53,Photo,5779657,5758636,21021,69,https://www.instagram.com/p/CoZXiGXs6Oe/
Justin Bieber,justinbieber,286000000,04/03/2023,22:30:50,Album,6369006,6335472,33534,61,https://www.instagram.com/p/CpYkNlsPVpd/
LISA,lalalalisa_m,105000000,28/02/2023,07:50:03,Album,6374129,6312999,61130,310,https://www.instagram.com/p/CpMsPGPLctX/
Ariana Grande,arianagrande,362000000,24/02/2023,05:41:27,Album,6102124,6102084,40,474,https://www.instagram.com/p/CpCKVrjo-J9/
Kylie,kyliejenner,380000000,16/02/2023,00:48:20,Album,5629771,5612215,17556,55,https://www.instagram.com/p/CotCb04PUeK/
Cristiano Ronaldo,cristiano,679000000,12/02/2023,10:49:38,Photo,5710249,5686794,23455,39,https://www.instagram.com/p/Coj0Eairq61/
